                  epoch,         train/box_loss,         train/cls_loss,         train/dfl_loss,   metrics/precision(B),      metrics/recall(B),       metrics/mAP50(B),    metrics/mAP50-95(B),           val/box_loss,           val/cls_loss,           val/dfl_loss,                 lr/pg0,                 lr/pg1,                 lr/pg2
                      1,                 3.8599,                 4.6246,                 4.0297,                0.00257,                0.12242,                0.00493,                0.00125,                 3.7386,                 4.2214,                 3.4794,              0.0002206,              0.0002206,              0.0002206
                      2,                 3.0577,                  3.689,                 3.2643,                0.29105,                 0.0828,                0.03409,                0.01191,                 2.8214,                 3.6306,                 2.8865,             0.00035523,             0.00035523,             0.00035523
                      3,                 2.5816,                 3.2043,                 2.7519,                0.30284,                0.29686,                0.17672,                0.08047,                 2.0208,                 2.9063,                 2.2228,             0.00040182,             0.00040182,             0.00040182
                      4,                 2.3032,                 2.8748,                 2.4531,                0.34956,                0.44468,                0.29475,                0.13917,                 1.8708,                 2.3621,                 2.1172,              0.0002708,              0.0002708,              0.0002708
                      5,                  2.124,                 2.6229,                 2.2828,                0.39147,                0.47855,                0.38039,                0.18828,                  1.797,                 2.1999,                 2.0224,              0.0002708,              0.0002708,              0.0002708
